product_name,brand_id,category_id,model_year,list_price
MCUbmC,7,7,2020,725
mDuHRd,7,7,2002,282
MazPwn,5,3,2007,333
ehfKxt,7,1,2009,271
ILXtxN,2,5,2008,722
xshdQP,7,3,2006,357
jHupCG,4,7,2002,228
GoTiqP,2,8,2015,354
IHBytz,1,5,2017,499
iCAyLy,9,2,2016,482
RibqCZ,9,6,2001,889
qqGsGU,2,5,2012,416
bTeYBY,4,7,2018,762
OVjAZx,1,2,2009,851
MOVkgt,4,5,2006,733
IGhFro,9,9,2016,818
habHje,8,2,2006,363
yNqVre,5,4,2012,255
oiAgHK,2,5,2001,483
IrGVer,3,7,2015,680
XXQkYf,6,9,2000,314
MVwTTm,9,7,2006,534
rSHAbu,8,9,2007,714
eebJrX,6,5,2004,812
BxljyG,8,4,2020,557
AviWiw,6,9,2018,363
dWcAyY,1,3,2011,737
JOjHFm,1,5,2017,359
oSXxXu,3,6,2003,347
EmONWA,5,1,2009,447
rKuDdp,7,4,2011,575
wAPNSa,5,2,2016,832
loHRPv,5,1,2010,510
bluzRA,7,7,2011,868
xwCTmr,6,8,2000,773
Xozcqf,1,3,2015,347
cFOJUP,6,4,2018,892
smddcX,4,9,2002,720
mLyLmE,8,6,2018,391
hLNBNn,9,2,2010,861
xrWcRK,2,1,2018,382
Bdsajf,3,5,2009,407
cOtQzo,4,1,2020,544
MbTqxt,3,3,2015,707
ucFLso,8,4,2001,557
bIMVDG,5,3,2002,637
IgLQWt,4,3,2007,519
Mskbdu,6,6,2006,827
jEcmbC,1,3,2013,663
XxAMlD,4,7,2010,554
xakeGT,1,2,2004,836
JTDHrR,9,7,2016,515
HiToAB,3,6,2013,433
Gkeply,6,6,2016,288
GqHRHV,4,7,2013,289
UKMKzY,3,9,2008,539
LMIjAJ,3,5,2015,556
HYAejR,8,8,2017,540
QZRlZp,1,6,2008,637
HcncfV,2,6,2011,689
feGOrG,2,9,2004,455
fLwedT,6,1,2009,274
YAxvkp,8,4,2017,365
iTfFfQ,6,5,2007,497
FOfcyQ,6,2,2003,739
ETMtGO,2,5,2006,559
OBmpcC,9,6,2005,296
PeJTpV,7,9,2020,683
bgrzlr,2,9,2002,850
SZONUQ,9,8,2015,205
hkNddL,7,1,2011,383
xSsEUe,8,6,2018,776
ueztLU,9,7,2007,690
Efcnkt,9,1,2018,352
GYZMuh,3,8,2014,641
RsYpXl,1,5,2000,259
RdHWeh,7,4,2014,250
feOzAY,7,9,2013,863
uSjeDm,7,4,2005,265
IkNlGP,8,1,2016,788
pnJmCx,7,9,2010,401
yaNJrm,2,2,2000,756
BnujKy,1,9,2003,886
uWXXbi,4,3,2016,736
DAQoUQ,7,6,2016,298
FogrIT,4,5,2009,245
yPjAWr,6,4,2018,309
iByKCU,7,6,2018,614
nACPHH,7,6,2002,854
nolccp,4,7,2008,530
iiZBnz,1,9,2011,201
gOAAOr,6,6,2010,813
fcREwO,4,3,2013,608
BcGcOm,9,4,2000,279
rTFwIf,4,6,2014,750
UJZWZd,6,5,2009,418
vJkoCL,1,5,2002,479
rkGraC,2,3,2015,367
TuDKbe,6,5,2019,869
dcNrpJ,8,5,2003,262
KWGnFu,3,1,2016,210
TiKtbN,6,5,2007,414
ePClQt,5,5,2005,794
HFMjlB,7,3,2000,731
OnnANb,4,4,2014,891
XhIoWx,3,1,2002,768
rmsMfc,7,7,2001,405
HgnRQu,2,4,2008,310
PmGlnx,7,7,2007,576
Cytomi,6,8,2011,490
ZULnEA,1,5,2020,643
kjBpIN,9,9,2018,805
StseHS,5,7,2000,889
xPVhHN,1,3,2003,794
JUwokb,3,5,2011,662
awugjI,5,4,2002,676
yQtsdb,7,8,2012,408
OLYvse,7,5,2012,274
ZodYkw,7,3,2009,870
YfhbGH,8,5,2012,659
QHRPMg,9,2,2015,444
KSUBkM,6,5,2005,498
AZVuCY,2,2,2015,303
IqpbGR,5,5,2003,300
lXqTvb,2,1,2015,409
BDNkCE,4,9,2019,581
aolATP,8,8,2009,591
gijRcQ,8,6,2020,479
PFeukE,4,2,2017,656
zTODzo,3,3,2014,728
yAfnQp,4,3,2012,756
hsqvCU,9,1,2010,340
tmKoJc,2,3,2018,530
ypQsXc,6,8,2015,361
AAvBtC,2,4,2020,700
RFCgtt,5,2,2001,211
MuKEiS,4,2,2016,380
xevpqM,5,3,2012,306
gKmYAd,3,6,2020,433
NQEepS,1,3,2000,341
EeAjnv,8,4,2006,886
Cvixuc,2,3,2002,271
rSVWME,6,7,2014,281
FALIbD,2,8,2016,715
jZVeYX,3,6,2003,740
gqEvqa,7,2,2018,381
bQBQiC,1,7,2002,338
iiLgqQ,5,6,2015,888
OUmmjv,3,2,2002,752
CwDWqW,9,2,2014,810
dxBhgn,1,1,2003,200
IyfyXC,1,9,2003,201
IokVtl,5,8,2000,705
mSgpON,9,6,2002,559
cXUdpu,8,2,2003,739
OqvFLJ,4,1,2016,822
gLcBFb,7,4,2018,533
hhpYQT,5,1,2005,640
VzQMdf,8,6,2004,564
LFAEXB,2,1,2011,645
EmCFLR,4,3,2018,551
xKuuvk,2,5,2009,804
dYazwx,3,5,2008,818
hBCzrS,9,6,2019,242
TMmZPc,3,3,2013,407
cGZvXG,8,5,2005,674
FCzpMT,5,9,2013,461
PJBVOi,6,4,2007,364
PmsQJe,4,9,2020,589
FEaZBf,8,1,2015,721
oyoBwH,3,4,2005,596
onPaXR,3,4,2009,881
wQYYvq,3,8,2006,546
WdBBsK,5,3,2009,646
BXfAhE,8,3,2011,674
bQzogt,9,6,2000,787
CiMDZm,6,7,2010,775
Ofnsxs,6,8,2020,407
EKABwf,7,9,2017,240
EZccHw,9,6,2002,343
oEisQz,4,3,2002,811
ooddeF,9,3,2004,749
LMafDh,7,8,2005,268
wBgXii,9,1,2018,780
kRzsSd,6,2,2008,489
kVHAux,7,9,2002,780
AykSWf,6,1,2012,230
TEiDLn,4,6,2006,536
kDBhWe,7,7,2008,616
rUQAzB,1,2,2010,652
eSNoHj,3,1,2014,354
IVONyO,4,6,2015,263
mSrLSP,4,3,2002,596
ADeNEN,6,6,2015,584
yWEEcD,8,5,2009,316
myvvSJ,6,1,2011,864
TRaYNc,9,5,2012,380
myHVQC,3,8,2016,793
romraB,6,6,2018,325
HwUuSC,9,1,2008,493
DODhqq,7,8,2019,772
UhINTk,5,1,2010,567
gQZqnC,9,9,2015,740
ZIYPgt,1,3,2008,699
oBiCIr,8,3,2012,342
rccwbk,9,5,2012,343
uUpqda,6,6,2000,574
CIWEgb,6,7,2010,323
ZVQAXh,3,5,2004,516
znyDIV,5,9,2007,835
uktIPR,3,9,2019,840
YyKOZe,5,7,2004,635
GLVgBJ,2,5,2002,257
zTiHBM,6,4,2015,251
WDAquU,4,4,2003,476
kmdpGj,7,9,2015,338
dBXHbY,2,1,2002,331
SbICSG,2,1,2009,479
eYuasj,4,1,2004,620
YEhjqa,9,1,2011,402
yZaihv,8,6,2015,665
cyesPD,8,2,2007,855
ZRUlwF,6,2,2001,756
NONzDR,4,2,2002,866
uKNvZJ,9,7,2009,279
HajgaV,5,2,2015,884
MMlGVG,1,4,2008,410
KIfrDc,3,9,2011,469
iPKSgZ,7,4,2013,832
qMTAvF,4,4,2017,374
sMkbaL,5,6,2006,425
IcdteU,4,1,2016,859
Rtomyq,9,8,2018,816
GvKMCu,6,8,2012,802
BWtvha,9,4,2005,682
YqHUGp,1,6,2018,315
FLeFBb,1,2,2020,377
JliiyT,5,2,2007,583
abRdtO,8,4,2009,895
FJkOzj,2,4,2010,458
gExNqv,6,7,2005,292
oZItwb,5,3,2015,706
tLFLzw,9,6,2019,656
XTEQtI,3,3,2010,377
BkmINq,5,6,2012,359
WwDdNi,4,2,2019,743
NwLypY,4,7,2017,462
lVeHfk,6,7,2004,228
tWWMeU,6,1,2009,345
tXhaDt,5,8,2010,326
OvIJLw,1,3,2014,576
LnPbaa,4,7,2020,672
cGReuU,3,7,2008,353
dXSFBC,9,4,2020,822
CPhkmd,6,6,2006,878
yjriWg,4,1,2001,565
DBWrCi,3,9,2020,246
AGGoei,4,5,2001,546
nrExOv,5,4,2015,656
nxsoXb,4,9,2000,294
FWKBfu,8,2,2018,587
YNXlGT,7,5,2011,688
iCtLMt,5,9,2007,780
ePeagl,7,4,2005,579
aFczrI,7,1,2006,537
HQFKih,2,2,2008,581
jwXMNH,8,9,2012,212
KVFoTj,6,8,2004,590
EdjGfo,3,3,2019,768
KiWOyv,5,5,2006,873
yPYjGL,4,4,2008,510
hYUNkf,1,2,2015,660
GOiHiQ,3,3,2005,537
LoxbZJ,6,9,2019,239
DHhHBK,8,3,2011,460
DmmPRL,4,3,2000,802
voLOoj,7,5,2012,473
tAvClE,2,9,2012,713
gZMdkP,5,4,2009,801
LkXhwi,9,7,2010,312
vckHrq,1,8,2012,224
SzVvMd,8,9,2020,243
gJOEPI,1,1,2004,487
hHOdVt,1,9,2019,894
qjjFrw,2,8,2019,420
yqtXqJ,9,2,2015,871
ApYVCc,3,5,2017,235
NjXcyM,6,3,2016,358
BRJlAt,8,7,2000,893
YQdkcU,4,7,2018,638
LPSjxW,2,1,2013,410
vQiIgE,8,4,2001,346
BvFSJq,9,9,2017,411
hZGprL,5,4,2010,417
AGPTIa,7,9,2007,594
ipJBXz,7,1,2015,430
AoBJyP,9,6,2005,381
CsKIRe,1,8,2001,767
bPhIMN,9,6,2011,497
RSICNd,4,8,2019,633
gIvOdD,8,2,2006,252
wcWVUK,4,9,2019,407
AEzizE,7,6,2013,457
CeBTri,5,2,2007,829
aihcSo,3,5,2007,387
VjfWtZ,4,2,2013,829
irzfqU,9,5,2013,467
etiyLf,4,8,2005,864
IgPXJz,7,8,2004,849
Myrxqy,8,2,2011,615
wsXxch,4,4,2014,201
EmlYcS,4,6,2011,355
yVExTr,5,1,2012,642
SxHlBp,4,4,2013,803
PAaNKX,8,6,2008,368
ZOrTBG,3,3,2009,610
LCXtdJ,6,1,2019,574
tZFSlH,2,4,2008,652
MKFyTU,8,8,2016,860
oXqGNa,3,9,2010,624
daJahW,6,8,2001,270
UDivvK,3,6,2015,255
gdzBrO,5,3,2002,227
aalvKF,4,7,2018,801
GdvvQj,6,7,2003,212
XkPPNh,7,4,2020,559
CIpcHp,7,5,2008,357
LKTgBO,7,1,2005,748
BrorbY,7,5,2002,724
YZtaLI,4,4,2008,419
UXuDQb,1,7,2019,574
HuiSOc,5,6,2017,597
JKYWip,4,9,2013,382
GYwDYT,6,1,2011,873
dxkRWA,4,4,2017,431
fWxwxx,3,2,2016,597
GCQwty,2,7,2012,485
lYWlES,4,7,2009,845
BWaFJJ,5,3,2009,345
mQQnbm,1,6,2006,736
CdkFvv,9,3,2004,528
exqIvp,6,9,2012,765
MSyJix,8,2,2009,411
yacTdv,9,7,2015,734
JOvDSy,3,5,2008,450
zKOvHm,8,1,2013,428
oUkRoB,9,6,2010,557
ebjSjp,3,2,2007,759
NYqxqi,2,3,2019,888
seAVsu,5,5,2001,559
rwElOA,3,5,2017,287
NhlOPG,1,3,2004,424
uaMCDs,6,8,2015,388
oGUFnC,6,1,2011,720
mcRLXU,3,4,2016,458
OcAMYg,5,8,2013,604
nJTYfI,2,4,2000,442
XpHyqG,3,5,2015,225
jwjooY,8,8,2012,447
OVbCtm,4,2,2000,723
YjtMoE,3,7,2016,470
eNfHhT,9,7,2020,300
sFKIip,1,6,2009,854
xNoAcI,7,9,2000,279
rGlrtD,9,4,2018,630
PAXqtt,5,5,2004,844
Jjedsy,6,9,2019,890
kEpvHe,6,8,2018,730
fJzAwO,7,7,2010,878
grBUhV,3,6,2020,534
xtownH,4,8,2008,606
KBdbJO,3,4,2014,413
Owjdfd,3,2,2001,845
tYTjxq,4,7,2017,643
zlvVea,6,5,2002,610
aRtZbb,4,1,2005,331
PEJjfu,7,8,2001,882
cijzYx,5,8,2003,295
fNsPNT,5,3,2000,313
ovumWx,6,3,2005,875
ZUUhND,3,8,2015,404
QiRIDb,3,8,2002,323
QeqIZt,5,7,2007,669
GcxNWH,3,9,2018,304
DtbHyG,9,9,2017,206
sQVlbd,6,5,2017,680
WhQEbg,1,7,2000,554
WXICQB,5,8,2010,271
Vkasxk,4,8,2013,692
lQxhZb,8,8,2005,843
aCwemx,8,7,2015,425
UMtAwo,8,3,2007,505
owsjtf,8,5,2009,554
CuaOLf,5,7,2019,775
SnKSrY,3,7,2018,320
PbyAFj,3,1,2017,523
IXjbVD,6,9,2014,481
lcMsUt,7,3,2019,683
pQrxKL,6,1,2019,249
omehyn,8,4,2020,327
IrnVtC,4,6,2007,314
HNfBLk,9,1,2017,620
susFMm,6,7,2002,513
WQvkah,4,5,2009,408
IVgutS,2,1,2005,526
wojnhK,1,3,2005,296
XtnUIl,9,7,2007,217
LFangQ,2,6,2018,739
vwsDFU,4,8,2006,649
mDKZzc,1,6,2013,832
tbWWPl,6,4,2002,620
akDsJJ,6,4,2011,485
dmPcRC,4,1,2020,631
kpRlKF,4,1,2006,415
iPrDzk,1,6,2004,367
YJFSKX,9,7,2008,891
pkQbDf,5,2,2007,542
dGCefW,2,1,2010,307
lZwYdP,7,4,2000,464
LQitzK,3,4,2015,492
SwAHKT,9,6,2015,397
yGpDGO,9,3,2010,548
RCWvlh,2,2,2013,439
GnxkLB,3,5,2015,501
hBZAnz,9,8,2018,440
cjaxTp,8,2,2005,407
sQHIEu,9,4,2019,734
jpndBo,9,2,2019,419
KJKjWC,2,6,2003,841
Wlkmog,8,5,2009,443
rheiTw,3,4,2019,491
NMuMYq,5,8,2014,318
FpPDFX,8,5,2003,454
NhBKyu,6,6,2010,204
IfjMDZ,3,8,2009,878
RaCrnU,8,6,2005,356
NaDFFP,7,8,2018,588
nycrjl,8,9,2000,332
amxAiO,8,6,2003,285
mPCkHE,8,2,2020,655
buMAZj,9,1,2000,842
kJuNnq,4,7,2016,316
akzxFz,5,4,2008,685
xbmTkU,4,5,2005,513
YQJvbv,4,5,2008,643
dtHrlV,5,9,2014,644
lYRwIj,6,9,2000,251
PTEPJO,7,5,2009,793
Pzcuho,9,2,2009,564
jTItJR,9,8,2018,606
MZtwKV,4,4,2012,636
haODGR,7,4,2010,721
xSFObt,3,3,2004,233
vYAiww,9,6,2020,497
OAELKR,7,1,2018,523
vgNZNU,6,4,2014,677
qbxoBj,4,9,2002,221
RBKbqm,6,1,2011,865
CcGdcb,7,4,2006,323
FapWvy,9,4,2003,800
XlVOUH,3,1,2020,531
JvUofT,5,3,2008,566
ssdDMS,4,1,2003,854
YtPodi,7,1,2001,669
NFXDrk,1,9,2011,255
xkJVYP,6,9,2009,262
VTwZpu,1,5,2012,557
sMwRgq,5,6,2003,411
ehESIT,5,9,2019,843
lDonlb,4,4,2008,524
NrItul,5,4,2000,705
VvUZri,7,1,2013,785
uRLJmg,5,5,2017,732
CunAYL,2,8,2009,478
tErwux,8,3,2020,739
LEhINa,5,3,2007,479
JNXEpC,3,5,2019,584
QDLQYd,5,5,2014,858
ViBcfb,4,2,2018,205
bGYBcX,6,7,2013,804
CVGVCT,9,5,2010,599
tjowLB,1,8,2017,602
kulCOX,9,3,2009,614
qcbzCt,2,3,2001,586
jodewp,3,3,2007,721
LWsLGB,9,7,2018,655
NSjXGQ,3,2,2018,596
txvzpK,1,8,2001,554
FomTfk,7,8,2015,622
jRUcwU,3,2,2003,616
NPOSwH,2,3,2016,794
HUnOEb,8,3,2013,745
YCLcyn,1,7,2006,490
CwULCB,5,1,2004,481
kbVMSo,7,2,2020,637
ynnXlA,6,3,2012,374
tcOByR,6,8,2015,884
DlIdSs,4,4,2002,848
laMRpE,2,2,2017,659
FkyFoH,2,8,2016,550
HactBs,4,3,2002,592
TXdTLe,6,7,2012,509
fRUliK,1,7,2013,899
BLTWiC,1,9,2011,343
YXktLx,6,6,2007,569
AsVtSh,4,3,2014,900
zSkMnQ,5,5,2007,636
atCCHA,2,1,2010,598
tfuMax,4,3,2008,264
iFDOEA,3,6,2020,242
uZXtGf,7,5,2012,523
bRSUnK,7,5,2011,399
DPxWgt,2,5,2020,727
eWXbUU,7,5,2013,848
ToKGoG,7,8,2018,443
TdZXPW,1,4,2013,584
aGGaFu,5,1,2014,820
PPwCfh,7,2,2018,505
kLNals,9,2,2000,465
RiBkDq,9,8,2015,614
ZgBEjU,2,6,2014,895
AJGsdn,6,7,2003,530
okPxkB,8,5,2020,324
TQZIax,9,3,2018,377
znEmLU,9,4,2019,273
PeoLmT,6,4,2002,708
lBvhnJ,7,2,2016,603
DtBpgW,7,9,2001,263
PUzIYJ,5,1,2015,808
XdFAMy,6,2,2018,390
nMBoYa,2,7,2016,340
FBtwDj,3,1,2006,565
PaiHlN,3,7,2001,731
txGKVA,7,5,2000,487
baxwEt,2,6,2003,529
XLjbjF,1,8,2001,553
JAoabs,9,4,2003,886
FqLHvR,3,2,2016,412
BHpHnM,4,1,2013,552
oixIUi,7,9,2001,377
kORSYD,5,2,2014,559
VDIiRR,8,9,2013,826
craXtK,5,8,2010,507
TIYSFQ,4,1,2010,537
Kmqqfi,2,2,2010,782
IWrIfv,4,4,2000,626
YZGaRd,4,4,2019,666
ohFIIU,2,8,2012,684
ezdGuZ,8,6,2020,734
zQPMrK,3,6,2005,442
KCXVlE,6,8,2008,520
RfOXMN,5,9,2014,895
CuHkRI,7,6,2006,220
ONQbyM,9,6,2006,378
SSgVBc,4,2,2012,565
xVAEuB,1,9,2010,869
qJxYLn,5,7,2004,855
tyTuQq,6,2,2005,754
AtHKtp,7,7,2003,875
GYMmEO,1,8,2014,899
BeionD,1,8,2004,703
kmBqDZ,2,2,2000,594
KAPxbO,1,3,2006,304
PnUcRv,2,2,2007,773
ykanqi,1,9,2002,244
ytgLbt,2,5,2004,523
eKOsLD,1,7,2001,892
cGSJpY,5,6,2003,442
UDuCnO,5,5,2014,389
HpdRgT,8,6,2003,603
PfrUwT,8,8,2007,288
iSQpcp,6,2,2006,722
iGOamu,4,7,2015,613
utRHAj,1,5,2001,473
XJHsjB,9,6,2012,574
wLsPrw,8,7,2017,858
sUtIfa,3,4,2001,351
tJWpYe,5,7,2002,742
stSDMo,2,2,2010,223
AxXhMH,4,9,2003,322
ysvKBy,9,2,2008,506
XFuHfC,1,6,2019,374
PaoPpA,5,8,2003,339
rZaKZX,7,1,2003,291
RjEfBP,8,7,2009,513
JxFoqt,8,9,2000,233
jWWaCm,8,8,2005,341
kJjpDo,2,2,2009,231
GmdZFI,7,9,2020,423
SCSvkr,6,1,2010,516
MdJLVQ,1,4,2015,232
MChrXX,6,8,2002,474
jSxtEb,8,9,2008,649
OJpWFE,2,3,2017,844
PjLSsM,7,4,2008,703
gZYnvh,8,6,2002,608
mblzuM,5,7,2009,412
VmQquM,9,3,2012,547
sKRVMd,4,9,2005,721
lvUWUE,4,2,2008,349
EnmMVe,1,7,2007,870
UmSLPR,3,8,2012,205
REbtZN,3,9,2010,668
tHHfSU,2,1,2003,433
pzXsJK,4,7,2013,637
VURWmg,2,2,2020,587
EcYHHs,4,3,2010,850
zNVfLo,6,2,2015,384
OtsXmD,8,5,2011,882
syNqbe,1,4,2012,728
rLirQX,7,2,2001,653
EjWeHL,2,5,2013,508
kNtrgs,6,6,2008,726
KwXhKi,4,6,2006,425
jpYDDS,7,7,2003,785
incJnR,5,8,2008,758
DxHSXI,7,3,2007,814
NmJclZ,6,8,2009,470
CBhQKb,5,6,2013,551
vkiyAj,3,5,2019,328
POBqSs,8,8,2013,687
uggKDu,5,2,2013,281
tJUxBj,5,4,2007,323
ydPWnG,6,9,2007,418
ZdbFMk,3,1,2008,827
ZPBNTb,9,7,2012,296
FwAspZ,8,1,2008,437
qfgVUn,1,3,2006,728
eSGLDQ,8,5,2019,605
imvBkq,1,5,2017,349
mdOTpV,8,8,2018,384
JxMWMI,4,3,2003,518
elNKmu,9,8,2009,897
XYSjiK,2,2,2017,709
SEcxfW,3,3,2013,739
UBIAZv,7,3,2006,405
sIACAa,9,7,2008,509
WYTpOz,2,6,2007,512
KwNmtj,8,6,2007,470
jgPmMR,2,4,2005,324
BZxoLn,9,1,2005,769
YnsGAp,8,3,2011,245
fcUAqo,2,4,2020,493
OSZGLW,9,4,2008,319
OCEQPC,8,8,2014,421
vYApDk,6,7,2008,232
KBctBK,9,1,2003,506
xAxVpK,8,9,2019,306
BLUOzn,2,3,2012,793
dVRtKS,5,5,2009,363
FztQzo,5,3,2008,666
Cwijnx,5,9,2010,562
zFDoor,4,8,2002,569
BOYDvs,3,9,2005,725
jNEane,2,8,2017,750
ckmlQA,2,7,2017,490
ZhoGyZ,6,3,2015,826
coeEqX,7,1,2010,689
yZhofs,2,2,2017,656
hLlAnQ,2,9,2001,206
bVfokC,8,9,2008,384
yeWdAN,2,3,2012,288
vEVSru,1,2,2010,486
uLsAmR,2,9,2004,401
lukDIq,3,6,2004,718
pxZIXK,9,7,2002,751
fYsvKd,8,2,2015,572
sACKkn,6,3,2006,829
UjIFoG,7,8,2003,475
QARwdx,4,9,2013,328
HlLdPU,4,4,2000,383
XhoWeN,5,3,2008,566
zZnoVC,9,1,2010,267
Aujmlp,2,9,2011,480
iTKqnF,1,3,2004,880
KLljWP,4,2,2015,404
eIMqAL,4,6,2006,564
gPdWWC,6,5,2019,347
hjktit,2,2,2016,838
HfZOFU,9,3,2006,704
YSqOjC,9,1,2005,753
HxfKpd,7,9,2013,891
reOStr,8,1,2001,829
HkCukZ,5,5,2017,685
UtQugt,2,3,2000,410
DepdhR,2,5,2016,810
vxKzKS,8,9,2003,478
RBHiiJ,9,6,2005,884
WQiqSD,1,9,2018,339
fUZYfR,3,4,2013,733
kwNsPu,4,3,2009,557
jZtlTo,6,4,2003,741
wzonKX,6,9,2007,207
OPJdrp,9,3,2014,584
bsmImS,1,3,2002,466
bUoDzO,1,8,2004,760
NHtYFG,7,8,2017,863
iXmPqD,9,2,2012,322
gtkISH,2,6,2005,560
JHQFtk,2,7,2007,488
ggqjJk,9,9,2000,447
CCAsKg,1,9,2011,859
oYqWDx,5,8,2019,548
kjPxaz,3,4,2001,381
memHth,7,3,2017,784
nUHiHB,3,7,2010,644
NKYVwB,7,5,2011,646
IQBISX,6,3,2000,882
MUyKtW,3,5,2011,567
YvfyaN,3,9,2019,835
HVxxLd,3,7,2011,900
HeIgCx,9,3,2006,479
fhfgzc,8,6,2018,222
hNDtJc,6,5,2004,530
PdsDgW,1,9,2006,460
PmTozY,5,4,2000,791
yPzZdj,1,7,2006,571
IwICIT,3,5,2007,590
dlKVae,8,5,2010,636
awiXDY,3,5,2018,824
ItgRMo,8,5,2015,563
sDTAJk,4,5,2004,315
sTRzXh,3,2,2005,886
NtUbqz,3,1,2017,347
oKjmwf,1,1,2003,719
TnDBeB,4,4,2020,621
CyAZiS,7,1,2019,701
GyxHiE,6,7,2005,861
hzVgOr,7,4,2006,737
DnnOuV,3,5,2018,764
aPrvjU,5,9,2004,721
zyEZNZ,7,4,2011,265
wlZJch,8,5,2005,704
YqZdDA,5,2,2000,863
QKaJcS,2,2,2002,634
aBXjrh,5,1,2019,524
PQBshO,4,3,2020,680
BStbQM,8,9,2020,776
iaOjiD,4,4,2010,524
XOiiza,8,2,2012,641
miNNmr,3,1,2001,386
qXbZJs,2,3,2006,573
ThhfQJ,5,9,2015,399
StocIN,7,7,2016,515
DZxKMq,1,4,2008,762
bEkROO,2,6,2003,862
lasZFb,4,2,2014,349
OooAIp,4,6,2005,622
WMKSsM,7,6,2012,725
iyuwUS,8,7,2003,506
QqzNEM,8,2,2000,308
XjtwYl,2,4,2005,668
rvVxtd,8,1,2020,699
yDwwqF,1,2,2003,502
eUkvLh,5,1,2010,436
uAImuQ,9,4,2016,362
KnluIT,5,2,2019,660
IxwjVB,2,3,2007,348
fqjHYA,1,5,2013,402
eGmaQs,9,4,2005,581
PdwPpM,3,9,2015,729
uOmScC,4,5,2012,570
JHqdrs,3,6,2000,694
OyWdEL,7,4,2013,336
YOXWrz,3,5,2000,491
fWhzFg,2,7,2009,538
lYaHqF,5,9,2004,719
mZnXJl,4,3,2014,431
wkQCMl,6,5,2017,872
cHonDm,4,4,2016,341
XWegtd,4,1,2005,346
qFXoIM,5,9,2019,840
FkpyxZ,5,6,2015,520
Iynizy,7,3,2006,756
hyGFAG,1,3,2011,327
jleHjG,9,3,2016,554
NPiuiM,7,3,2001,362
QxBKFc,4,3,2004,267
DtEPcO,1,1,2016,562
wMgNYy,2,7,2003,264
rrHLRD,6,8,2001,564
YhQuyh,3,9,2000,690
WpXwBt,9,9,2001,744
GTPcYO,9,6,2007,507
vmIByS,1,5,2000,755
aAYMbj,6,9,2011,734
cOZqfN,6,3,2013,251
acjHdD,2,7,2008,543
qdkZiw,7,3,2014,359
nLSiEe,8,5,2017,277
YySnEO,2,6,2005,417
dsyEFk,3,6,2014,404
HGbtKi,1,5,2020,806
ssfXSs,2,3,2014,285
fBCWOb,5,9,2013,444
kvTXdu,5,4,2003,872
mVMLeq,7,6,2015,825
TbfNii,5,6,2011,825
ptIYQb,3,6,2009,597
WfHtCM,1,8,2017,323
qwjafS,2,9,2009,632
NyPjJy,1,8,2007,333
KBprcJ,9,5,2017,441
cNrurr,5,8,2007,709
yCjatn,8,5,2017,606
ArOQrj,4,1,2019,690
afXPpk,3,7,2002,865
JcIkJm,6,4,2009,597
Grujxs,3,7,2014,441
fBICpa,5,1,2015,230
wBPfGo,7,8,2003,436
mcfrSm,7,9,2011,849
qaqwvq,6,3,2008,500
sgETuW,8,4,2015,261
IsTLjO,3,9,2002,452
FAgIZr,9,6,2011,867
FAoYjp,3,2,2018,840
jQOzRA,3,8,2007,228
whTBIG,3,6,2007,821
FOZPkb,3,1,2007,465
jvSQzs,4,2,2001,342
XAOowt,5,5,2011,786
KnByuG,4,2,2002,430
omiivb,4,1,2011,720
TFwomb,4,7,2018,513
xelPsq,1,7,2004,406
DqgFjb,2,4,2010,258
UAASDF,3,7,2010,638
iCZrxU,7,4,2013,283
EktSvP,9,3,2006,597
punyRG,2,5,2015,468
EVRSxI,9,3,2017,502
holWNu,8,6,2001,385
Rbacbi,7,9,2009,469
mamdZW,2,5,2018,234
ovlUbI,7,5,2006,347
NaCsXC,4,9,2017,829
nURUsm,9,4,2013,597
CGuoya,3,8,2007,672
mFjUgC,8,7,2002,200
THOxKK,4,7,2009,248
bvnNEO,3,3,2016,434
ytQRiC,9,8,2006,683
MdXCrL,3,9,2009,351
iNeoUx,1,1,2017,258
SUChQO,9,1,2015,829
YyCiWD,8,5,2013,803
VGDBOV,9,2,2011,601
lnEYXA,4,9,2004,470
McVvAp,7,2,2009,781
ilSRSe,1,1,2014,685
yQlgmK,1,4,2000,226
FGndvb,1,7,2015,624
PolwHP,5,8,2013,714
uvBdfM,9,9,2000,360
wmbYzx,3,5,2014,428
gMKySK,4,7,2005,378
rInXre,7,9,2011,679
MEPxaL,3,7,2010,748
ztZjiu,5,5,2014,496
xqBELx,6,6,2003,616
LPZdMh,3,9,2001,873
guKwnX,5,3,2011,244
fdcSTI,5,7,2020,654
qrlGVp,1,1,2001,312
TxfmYS,9,9,2008,594
FQTJAn,4,6,2017,354
ctBphz,5,9,2005,726
fDPmph,3,7,2011,509
wSibmY,6,1,2010,210
SUGFrW,1,5,2000,401
MRwXyc,5,9,2004,580
BTlVUX,5,7,2019,361
jZGarg,5,5,2002,866
XmWHns,7,7,2017,587
zEKdRE,5,2,2005,594
GDtjWD,4,2,2003,282
RmEadS,2,5,2011,890
LFxqtW,5,3,2007,426
BBCvXE,3,3,2011,400
ivLOoh,8,4,2008,666
ZDTcOy,6,5,2015,461
TkoBoZ,4,2,2015,630
DOWEBi,5,4,2004,445
MQGtDe,5,3,2018,711
pPxtXP,4,6,2006,865
Msciqh,3,8,2020,361
FFxNIU,7,4,2010,436
kzWeZN,6,9,2016,505
wELOMY,5,8,2003,804
FmHIOa,4,3,2020,745
oLsOBB,6,1,2013,605
gQlMrK,2,9,2015,436
WtWRTS,9,3,2011,605
CBrYBf,9,4,2019,251
UVRQCs,3,2,2010,545
tDfkaJ,5,6,2001,347
RybpdB,9,9,2017,680
OumURb,6,3,2019,523
WhyunC,3,5,2013,883
QtorML,6,9,2001,215
zEASti,8,6,2004,881
QGrDeU,7,1,2016,587
vEjsmH,5,4,2007,408
xEFWvX,7,7,2004,588
fABuBN,2,9,2006,411
CfKiSn,2,9,2003,806
xqPOEr,6,6,2012,244
YKojqq,3,1,2015,333
BKbamH,1,2,2006,731
BsDFJz,8,9,2020,815
fepgYt,2,1,2000,686
yvgNsr,4,8,2010,453
rdotxX,9,9,2000,615
QNsaEx,9,5,2019,892
klxvTE,9,9,2005,858
VlSHgx,5,7,2015,302
PQqCPe,4,4,2020,508
BPPdBC,8,4,2009,826
FUjOMc,3,7,2000,858
qUaijv,4,6,2000,581
iNRrBd,9,7,2016,431
xKnRrx,3,1,2018,809
TtXjdB,8,6,2020,414
mVxAYe,3,7,2018,828
NWpWbk,8,9,2014,889
NovPBU,4,3,2012,522
UdVFjx,2,3,2011,728
pdBqUB,4,5,2016,882
LZiEMs,6,9,2000,823
kjTSgz,2,8,2000,263
Kcjnjr,8,8,2019,730
WXySEp,4,5,2017,355
MkdvYT,2,7,2020,669
cwJflB,4,4,2001,250
SNWwsl,3,6,2004,717
COiYnO,9,2,2015,667
nJCKSX,9,3,2009,359
zWlfBB,9,2,2017,572
bVjrMi,4,8,2007,414
HWYfbX,9,1,2009,891
rbkwxc,3,8,2001,329
WZAtyO,3,5,2008,719
YEcNQS,1,8,2019,212
xNtBqb,3,6,2004,358
YkzzNz,9,4,2002,268
mnNlom,1,3,2019,455
QHjbju,7,4,2001,322
MhUkND,7,9,2004,691
nuleWz,6,9,2020,876
DtOOqE,4,5,2006,280
HxWeAQ,5,8,2018,313
JDYjlZ,8,4,2012,569
uovEed,1,6,2007,563
DDrzel,6,6,2011,417
kfxtXz,5,1,2000,772
sQwfcj,6,6,2002,437
jznnvk,6,1,2018,757
qcJRBW,1,7,2018,802
txViRK,9,5,2000,434
ljJPrI,1,6,2004,657
bmtKML,5,5,2011,549
QdKkIs,9,3,2015,296
OosGBZ,3,3,2013,346
NqGMOo,9,9,2011,478
BfDANN,1,8,2014,654
Agjcig,4,5,2007,400
laRAWU,7,2,2015,693
yjTUPc,5,2,2007,264
OJevZl,6,2,2012,201
KeWgBI,3,1,2006,489
AstACj,1,9,2012,461
dqOIUQ,6,8,2015,346
xhTsBu,4,4,2014,749
NAQJdU,3,9,2013,352
dMYWtT,5,5,2012,267
TSaBpk,2,4,2019,318
eOajvh,8,4,2015,319
MXAyUz,3,6,2012,552
oFxwLw,9,3,2019,317
rYTsQY,2,6,2001,559
DHYcwQ,8,7,2016,263
DAZwXu,6,4,2014,286
wSdUuW,6,5,2008,836
ulrQsP,3,3,2019,714
XkxwqC,6,9,2000,753
HVDboB,6,9,2018,777
BZUWUk,2,6,2020,421
uPIPhZ,3,4,2000,382
YOQVSP,2,5,2015,680
igwKQy,7,4,2014,547
cgNmNu,6,9,2018,381
kplwCX,7,6,2007,274
nbFhlt,2,3,2011,208
gsjWqM,2,6,2010,442
DYslAY,7,8,2004,683
ouykKE,3,8,2004,676
uApplJ,6,5,2013,725
ESdRlu,9,4,2017,528
LNaqSj,1,5,2019,483
